{
  "Total" : {
    "transaction" : "Total",
    "sampleCount" : 100000,
    "errorCount" : 0,
    "errorPct" : 0.0,
    "meanResTime" : 213.15892000000173,
    "medianResTime" : 131.0,
    "minResTime" : 9.0,
    "maxResTime" : 24699.0,
    "pct1ResTime" : 456.0,
    "pct2ResTime" : 500.0,
    "pct3ResTime" : 564.0,
    "throughput" : 449.40184614278394,
    "receivedKBytesPerSec" : 264.19946574546776,
    "sentKBytesPerSec" : 63.636003604202806
  },
  "HTTP Request" : {
    "transaction" : "HTTP Request",
    "sampleCount" : 100000,
    "errorCount" : 0,
    "errorPct" : 0.0,
    "meanResTime" : 213.15892000000173,
    "medianResTime" : 131.0,
    "minResTime" : 9.0,
    "maxResTime" : 24699.0,
    "pct1ResTime" : 456.0,
    "pct2ResTime" : 500.0,
    "pct3ResTime" : 564.0,
    "throughput" : 449.40184614278394,
    "receivedKBytesPerSec" : 264.19946574546776,
    "sentKBytesPerSec" : 63.636003604202806
  }
}