{
  "Total" : {
    "transaction" : "Total",
    "sampleCount" : 100000,
    "errorCount" : 0,
    "errorPct" : 0.0,
    "meanResTime" : 17.5475299999999,
    "medianResTime" : 14.0,
    "minResTime" : 1.0,
    "maxResTime" : 124.0,
    "pct1ResTime" : 18.0,
    "pct2ResTime" : 19.0,
    "pct3ResTime" : 20.0,
    "throughput" : 3719.546215361726,
    "receivedKBytesPerSec" : 468.5756462711549,
    "sentKBytesPerSec" : 421.3548447089455
  },
  "HTTP Request" : {
    "transaction" : "HTTP Request",
    "sampleCount" : 100000,
    "errorCount" : 0,
    "errorPct" : 0.0,
    "meanResTime" : 17.5475299999999,
    "medianResTime" : 14.0,
    "minResTime" : 1.0,
    "maxResTime" : 124.0,
    "pct1ResTime" : 18.0,
    "pct2ResTime" : 19.0,
    "pct3ResTime" : 20.0,
    "throughput" : 3719.546215361726,
    "receivedKBytesPerSec" : 468.5756462711549,
    "sentKBytesPerSec" : 421.3548447089455
  }
}