{
  "Total" : {
    "transaction" : "Total",
    "sampleCount" : 100000,
    "errorCount" : 0,
    "errorPct" : 0.0,
    "meanResTime" : 97.58491999999947,
    "medianResTime" : 91.0,
    "minResTime" : 2.0,
    "maxResTime" : 131.0,
    "pct1ResTime" : 101.0,
    "pct2ResTime" : 102.0,
    "pct3ResTime" : 103.0,
    "throughput" : 933.8114447930674,
    "receivedKBytesPerSec" : 217.03820689526373,
    "sentKBytesPerSec" : 103.95947725235321
  },
  "HTTP Request" : {
    "transaction" : "HTTP Request",
    "sampleCount" : 100000,
    "errorCount" : 0,
    "errorPct" : 0.0,
    "meanResTime" : 97.58491999999947,
    "medianResTime" : 91.0,
    "minResTime" : 2.0,
    "maxResTime" : 131.0,
    "pct1ResTime" : 101.0,
    "pct2ResTime" : 102.0,
    "pct3ResTime" : 103.0,
    "throughput" : 933.8114447930674,
    "receivedKBytesPerSec" : 217.03820689526373,
    "sentKBytesPerSec" : 103.95947725235321
  }
}