{
  "Total" : {
    "transaction" : "Total",
    "sampleCount" : 100000,
    "errorCount" : 0,
    "errorPct" : 0.0,
    "meanResTime" : 25.98669999999989,
    "medianResTime" : 21.0,
    "minResTime" : 2.0,
    "maxResTime" : 143.0,
    "pct1ResTime" : 27.0,
    "pct2ResTime" : 28.0,
    "pct3ResTime" : 31.0,
    "throughput" : 2887.5028875028875,
    "receivedKBytesPerSec" : 3581.180338992839,
    "sentKBytesPerSec" : 360.93786093786093
  },
  "HTTP Request" : {
    "transaction" : "HTTP Request",
    "sampleCount" : 100000,
    "errorCount" : 0,
    "errorPct" : 0.0,
    "meanResTime" : 25.98669999999989,
    "medianResTime" : 21.0,
    "minResTime" : 2.0,
    "maxResTime" : 143.0,
    "pct1ResTime" : 27.0,
    "pct2ResTime" : 28.0,
    "pct3ResTime" : 31.0,
    "throughput" : 2887.5028875028875,
    "receivedKBytesPerSec" : 3581.180338992839,
    "sentKBytesPerSec" : 360.93786093786093
  }
}